BAND,diam_str,diameters,xh_list,yh_list,sig_array,mu_array,aper_corr,sig_array_corr,1sig_corr,5sig,5sig_corr
f1000w_deep,diam4,0.4,"[-9.78723404 -9.36170213 -8.93617021 -8.5106383  -8.08510638 -7.65957447
 -7.23404255 -6.80851064 -6.38297872 -5.95744681 -5.53191489 -5.10638298
 -4.68085106 -4.25531915 -3.82978723 -3.40425532 -2.9787234  -2.55319149
 -2.12765957 -1.70212766 -1.27659574 -0.85106383 -0.42553191  0.
  0.42553191  0.85106383  1.27659574  1.70212766  2.12765957  2.55319149
  2.9787234   3.40425532  3.82978723  4.25531915  4.68085106  5.10638298
  5.53191489  5.95744681  6.38297872  6.80851064  7.23404255  7.65957447
  8.08510638  8.5106383   8.93617021  9.36170213  9.78723404]","[0.00686633 0.0094412  0.00514974 0.00686633 0.00600804 0.01802411
 0.01974069 0.01716581 0.01716581 0.02145727 0.02918188 0.03948137
 0.05235573 0.05836377 0.07552958 0.07123813 0.06952155 0.0832542
 0.09097882 0.11501096 0.11758583 0.11672754 0.13303506 0.11758583
 0.12273557 0.09784514 0.09698685 0.09612856 0.09441198 0.08411249
 0.06608839 0.05493061 0.04892257 0.05493061 0.04205625 0.03776479
 0.02317385 0.01802411 0.02231556 0.0188824  0.00858291 0.0188824
 0.00772462 0.01115778 0.01029949 0.01115778 0.00514974]",4.784452537203515,-0.0781337184217204,0.50444,9.484681106184116,28.957443165932162,27.952994362547564,27.210018155092115
f1000w,diam4,0.4,"[-9.78723404 -9.36170213 -8.93617021 -8.5106383  -8.08510638 -7.65957447
 -7.23404255 -6.80851064 -6.38297872 -5.95744681 -5.53191489 -5.10638298
 -4.68085106 -4.25531915 -3.82978723 -3.40425532 -2.9787234  -2.55319149
 -2.12765957 -1.70212766 -1.27659574 -0.85106383 -0.42553191  0.
  0.42553191  0.85106383  1.27659574  1.70212766  2.12765957  2.55319149
  2.9787234   3.40425532  3.82978723  4.25531915  4.68085106  5.10638298
  5.53191489  5.95744681  6.38297872  6.80851064  7.23404255  7.65957447
  8.08510638  8.5106383   8.93617021  9.36170213  9.78723404]","[0.01577843 0.01676458 0.03747377 0.01775073 0.02070919 0.03155686
 0.03451532 0.0512799  0.05621066 0.04832144 0.0512799  0.05916911
 0.06607218 0.05621066 0.07001679 0.06903063 0.07494755 0.0759337
 0.06409987 0.07691985 0.0759337  0.07297524 0.08776752 0.07001679
 0.08480906 0.077906   0.06607218 0.07396139 0.06607218 0.0512799
 0.0532522  0.05916911 0.06705833 0.06015527 0.03747377 0.04339068
 0.03550147 0.04339068 0.03747377 0.03155686 0.02563995 0.02859841
 0.02859841 0.02169534 0.02070919 0.01479228 0.02070919]",6.321906824272265,-0.33905316795895984,0.50444,12.532524828071256,28.654903565842993,27.650454762458388,26.907478555002946
f770w,diam4,0.4,"[-9.78723404 -9.36170213 -8.93617021 -8.5106383  -8.08510638 -7.65957447
 -7.23404255 -6.80851064 -6.38297872 -5.95744681 -5.53191489 -5.10638298
 -4.68085106 -4.25531915 -3.82978723 -3.40425532 -2.9787234  -2.55319149
 -2.12765957 -1.70212766 -1.27659574 -0.85106383 -0.42553191  0.
  0.42553191  0.85106383  1.27659574  1.70212766  2.12765957  2.55319149
  2.9787234   3.40425532  3.82978723  4.25531915  4.68085106  5.10638298
  5.53191489  5.95744681  6.38297872  6.80851064  7.23404255  7.65957447
  8.08510638  8.5106383   8.93617021  9.36170213  9.78723404]","[0.00266541 0.00088847 0.00177694 0.00177694 0.00177694 0.00177694
 0.00088847 0.00533081 0.00621928 0.01243856 0.00710775 0.01865784
 0.01954631 0.028431   0.03820416 0.05330813 0.05064272 0.08351607
 0.12172023 0.14659735 0.16436673 0.16969754 0.20345936 0.19013233
 0.17858223 0.17502836 0.13771267 0.13327032 0.10839319 0.06219282
 0.05508507 0.04975425 0.03287335 0.02310019 0.0142155  0.00977316
 0.00621928 0.00710775 0.00710775 0.00266541 0.00266541 0.00444234
 0.00266541 0.00355388 0.00177694 0.00088847 0.        ]",2.592670565323959,-0.10721660731894243,0.635095,4.0823350291278615,29.872728391179436,28.61820664628322,28.12530338033939
f560w_60mas_v2,diam4,0.4,"[-9.78723404 -9.36170213 -8.93617021 -8.5106383  -8.08510638 -7.65957447
 -7.23404255 -6.80851064 -6.38297872 -5.95744681 -5.53191489 -5.10638298
 -4.68085106 -4.25531915 -3.82978723 -3.40425532 -2.9787234  -2.55319149
 -2.12765957 -1.70212766 -1.27659574 -0.85106383 -0.42553191  0.
  0.42553191  0.85106383  1.27659574  1.70212766  2.12765957  2.55319149
  2.9787234   3.40425532  3.82978723  4.25531915  4.68085106  5.10638298
  5.53191489  5.95744681  6.38297872  6.80851064  7.23404255  7.65957447
  8.08510638  8.5106383   8.93617021  9.36170213  9.78723404]","[0.         0.         0.         0.         0.         0.
 0.         0.         0.00082283 0.00082283 0.00164566 0.00082283
 0.00493697 0.00987395 0.01234244 0.02468487 0.05019258 0.07076331
 0.09956232 0.16538866 0.19171919 0.22956933 0.25754552 0.23697479
 0.24191176 0.19089636 0.1497549  0.12753852 0.08639706 0.06747199
 0.03702731 0.03126751 0.02221639 0.00987395 0.00822829 0.00493697
 0.00658263 0.00246849 0.00164566 0.00164566 0.00082283 0.
 0.00082283 0.         0.         0.00082283 0.        ]",1.7218999912643393,-0.027620087320608642,0.69321,2.483951459535118,30.412142238088503,29.062555179587875,28.664717227248456
f560w_60mas_v1,diam4,0.4,"[-9.78723404 -9.36170213 -8.93617021 -8.5106383  -8.08510638 -7.65957447
 -7.23404255 -6.80851064 -6.38297872 -5.95744681 -5.53191489 -5.10638298
 -4.68085106 -4.25531915 -3.82978723 -3.40425532 -2.9787234  -2.55319149
 -2.12765957 -1.70212766 -1.27659574 -0.85106383 -0.42553191  0.
  0.42553191  0.85106383  1.27659574  1.70212766  2.12765957  2.55319149
  2.9787234   3.40425532  3.82978723  4.25531915  4.68085106  5.10638298
  5.53191489  5.95744681  6.38297872  6.80851064  7.23404255  7.65957447
  8.08510638  8.5106383   8.93617021  9.36170213  9.78723404]","[0.         0.         0.         0.         0.         0.00091191
 0.         0.         0.         0.00182383 0.00182383 0.00455957
 0.0072953  0.01823826 0.02006209 0.04012418 0.07568879 0.07933644
 0.10122235 0.17873496 0.1951494  0.18420644 0.19697322 0.20974001
 0.18967792 0.21429957 0.16505627 0.14134653 0.08845557 0.08207218
 0.05380287 0.03282887 0.02553357 0.01915017 0.00638339 0.00547148
 0.00364765 0.00547148 0.         0.         0.00091191 0.
 0.         0.         0.         0.         0.        ]",1.8670673381399223,-0.06035321349021093,0.69321,2.6933646919979837,30.324262093635213,28.974675035134588,28.576837082795166
f560w_40mas_v2,diam4,0.4,"[-9.78723404 -9.36170213 -8.93617021 -8.5106383  -8.08510638 -7.65957447
 -7.23404255 -6.80851064 -6.38297872 -5.95744681 -5.53191489 -5.10638298
 -4.68085106 -4.25531915 -3.82978723 -3.40425532 -2.9787234  -2.55319149
 -2.12765957 -1.70212766 -1.27659574 -0.85106383 -0.42553191  0.
  0.42553191  0.85106383  1.27659574  1.70212766  2.12765957  2.55319149
  2.9787234   3.40425532  3.82978723  4.25531915  4.68085106  5.10638298
  5.53191489  5.95744681  6.38297872  6.80851064  7.23404255  7.65957447
  8.08510638  8.5106383   8.93617021  9.36170213  9.78723404]","[0.         0.         0.         0.         0.         0.
 0.         0.         0.         0.         0.00088512 0.00088512
 0.00442561 0.00265537 0.01947269 0.02389831 0.05399247 0.06549906
 0.10621469 0.16640301 0.21242938 0.20888889 0.24340866 0.2487194
 0.23986817 0.2212806  0.18410546 0.11772128 0.07080979 0.06107345
 0.05399247 0.01239171 0.01504708 0.00354049 0.00708098 0.00177024
 0.00088512 0.00088512 0.         0.         0.00088512 0.
 0.         0.00088512 0.         0.         0.        ]",1.5922570202548478,-0.08993603128971653,0.69321,2.2969331375122226,30.497129116749182,29.147542058248558,28.749704105909135
f560w_40mas_v1,diam4,0.4,"[-9.78723404 -9.36170213 -8.93617021 -8.5106383  -8.08510638 -7.65957447
 -7.23404255 -6.80851064 -6.38297872 -5.95744681 -5.53191489 -5.10638298
 -4.68085106 -4.25531915 -3.82978723 -3.40425532 -2.9787234  -2.55319149
 -2.12765957 -1.70212766 -1.27659574 -0.85106383 -0.42553191  0.
  0.42553191  0.85106383  1.27659574  1.70212766  2.12765957  2.55319149
  2.9787234   3.40425532  3.82978723  4.25531915  4.68085106  5.10638298
  5.53191489  5.95744681  6.38297872  6.80851064  7.23404255  7.65957447
  8.08510638  8.5106383   8.93617021  9.36170213  9.78723404]","[0.         0.         0.         0.         0.         0.00098244
 0.00098244 0.         0.         0.00098244 0.         0.00294732
 0.00687709 0.01277174 0.02750836 0.04126254 0.04715719 0.0805602
 0.10020903 0.14736622 0.20729515 0.21417224 0.27311873 0.26231187
 0.22006689 0.18175167 0.14048913 0.13950669 0.08743729 0.05403428
 0.04126254 0.02554348 0.0117893  0.01080686 0.00392977 0.00196488
 0.00294732 0.00196488 0.         0.         0.         0.
 0.         0.         0.         0.         0.        ]",1.680716839386759,-0.16282195040460318,0.69321,2.4245421147801665,30.438425669252887,29.088838610752266,28.69100065841284
f560w_dja,diam4,0.4,"[-9.78723404 -9.36170213 -8.93617021 -8.5106383  -8.08510638 -7.65957447
 -7.23404255 -6.80851064 -6.38297872 -5.95744681 -5.53191489 -5.10638298
 -4.68085106 -4.25531915 -3.82978723 -3.40425532 -2.9787234  -2.55319149
 -2.12765957 -1.70212766 -1.27659574 -0.85106383 -0.42553191  0.
  0.42553191  0.85106383  1.27659574  1.70212766  2.12765957  2.55319149
  2.9787234   3.40425532  3.82978723  4.25531915  4.68085106  5.10638298
  5.53191489  5.95744681  6.38297872  6.80851064  7.23404255  7.65957447
  8.08510638  8.5106383   8.93617021  9.36170213  9.78723404]","[0.         0.         0.00098285 0.00098285 0.00098285 0.00098285
 0.00098285 0.00491426 0.00491426 0.00589711 0.00884567 0.01572564
 0.02751987 0.03734839 0.04521121 0.05897114 0.09238812 0.09828524
 0.13858218 0.12875366 0.14349645 0.17494772 0.16020494 0.18084483
 0.15627353 0.15725638 0.13759933 0.12678795 0.08550816 0.08845671
 0.0825596  0.04422836 0.03538269 0.03341698 0.02358846 0.01277708
 0.01179423 0.00687997 0.00687997 0.00294856 0.0019657  0.0019657
 0.         0.00098285 0.00098285 0.         0.        ]",2.386423957631497,-0.12792911379699307,0.69321,3.4425700114416946,30.057793046868866,28.708205988368242,28.31036803602882
f480m,diam4,0.4,"[-9.78723404 -9.36170213 -8.93617021 -8.5106383  -8.08510638 -7.65957447
 -7.23404255 -6.80851064 -6.38297872 -5.95744681 -5.53191489 -5.10638298
 -4.68085106 -4.25531915 -3.82978723 -3.40425532 -2.9787234  -2.55319149
 -2.12765957 -1.70212766 -1.27659574 -0.85106383 -0.42553191  0.
  0.42553191  0.85106383  1.27659574  1.70212766  2.12765957  2.55319149
  2.9787234   3.40425532  3.82978723  4.25531915  4.68085106  5.10638298
  5.53191489  5.95744681  6.38297872  6.80851064  7.23404255  7.65957447
  8.08510638  8.5106383   8.93617021  9.36170213  9.78723404]","[0.         0.0009924  0.0009924  0.         0.00496199 0.00496199
 0.0019848  0.0029772  0.00793919 0.01786318 0.02877956 0.03870355
 0.02679476 0.04068834 0.08038429 0.09824747 0.10023226 0.09824747
 0.10122466 0.12702703 0.13595861 0.12404983 0.15084459 0.13992821
 0.15084459 0.12404983 0.10519426 0.10420186 0.10420186 0.0764147
 0.0744299  0.05855152 0.05259713 0.03175676 0.03076436 0.02381757
 0.02381757 0.01290118 0.01190878 0.00893159 0.0029772  0.00694679
 0.00396959 0.0029772  0.0029772  0.0009924  0.0009924 ]",2.8821010113199805,-0.1819325422813435,0.694525,4.149744085986798,29.854946713322633,28.503301994625225,28.107521702482586
f460m,diam4,0.4,"[-9.78723404 -9.36170213 -8.93617021 -8.5106383  -8.08510638 -7.65957447
 -7.23404255 -6.80851064 -6.38297872 -5.95744681 -5.53191489 -5.10638298
 -4.68085106 -4.25531915 -3.82978723 -3.40425532 -2.9787234  -2.55319149
 -2.12765957 -1.70212766 -1.27659574 -0.85106383 -0.42553191  0.
  0.42553191  0.85106383  1.27659574  1.70212766  2.12765957  2.55319149
  2.9787234   3.40425532  3.82978723  4.25531915  4.68085106  5.10638298
  5.53191489  5.95744681  6.38297872  6.80851064  7.23404255  7.65957447
  8.08510638  8.5106383   8.93617021  9.36170213  9.78723404]","[0.00302835 0.00706615 0.00706615 0.0141323  0.0121134  0.0181701
 0.0181701  0.02119845 0.0222079  0.03936856 0.04542526 0.05350086
 0.06561426 0.04643471 0.06561426 0.06056701 0.08277491 0.10397337
 0.09185997 0.10195447 0.09791667 0.10094502 0.09993557 0.11003007
 0.10296392 0.10094502 0.11103952 0.09286942 0.07570876 0.07974656
 0.06460481 0.06258591 0.04340636 0.05047251 0.04744416 0.04441581
 0.04037801 0.02725515 0.02725515 0.020189   0.0181701  0.0161512
 0.0060567  0.01312285 0.00706615 0.00302835 0.0060567 ]",4.098126831004602,-0.18755253679417297,0.696115,5.887140531384328,29.475238992652223,28.12111150153662,27.727813981812176
f444w,diam4,0.4,"[-9.78723404 -9.36170213 -8.93617021 -8.5106383  -8.08510638 -7.65957447
 -7.23404255 -6.80851064 -6.38297872 -5.95744681 -5.53191489 -5.10638298
 -4.68085106 -4.25531915 -3.82978723 -3.40425532 -2.9787234  -2.55319149
 -2.12765957 -1.70212766 -1.27659574 -0.85106383 -0.42553191  0.
  0.42553191  0.85106383  1.27659574  1.70212766  2.12765957  2.55319149
  2.9787234   3.40425532  3.82978723  4.25531915  4.68085106  5.10638298
  5.53191489  5.95744681  6.38297872  6.80851064  7.23404255  7.65957447
  8.08510638  8.5106383   8.93617021  9.36170213  9.78723404]","[0.         0.         0.         0.         0.         0.
 0.         0.         0.         0.         0.         0.
 0.         0.00481557 0.00577869 0.01540984 0.03370902 0.04334016
 0.08186475 0.14254098 0.23885246 0.26196721 0.36405738 0.30627049
 0.28315574 0.20803279 0.14543033 0.09053279 0.06067623 0.03178279
 0.01637295 0.00577869 0.00385246 0.00096311 0.         0.00096311
 0.00096311 0.00192623 0.00096311 0.         0.         0.
 0.         0.         0.         0.         0.        ]",1.2890155442659461,-0.19061755496572103,0.702715,1.8343361736492692,30.74130267359838,29.376929602781445,28.993877662758333
f430m,diam4,0.4,"[-9.78723404 -9.36170213 -8.93617021 -8.5106383  -8.08510638 -7.65957447
 -7.23404255 -6.80851064 -6.38297872 -5.95744681 -5.53191489 -5.10638298
 -4.68085106 -4.25531915 -3.82978723 -3.40425532 -2.9787234  -2.55319149
 -2.12765957 -1.70212766 -1.27659574 -0.85106383 -0.42553191  0.
  0.42553191  0.85106383  1.27659574  1.70212766  2.12765957  2.55319149
  2.9787234   3.40425532  3.82978723  4.25531915  4.68085106  5.10638298
  5.53191489  5.95744681  6.38297872  6.80851064  7.23404255  7.65957447
  8.08510638  8.5106383   8.93617021  9.36170213  9.78723404]","[0.         0.00198984 0.00099492 0.00099492 0.00596952 0.0099492
 0.00795936 0.01691363 0.01591871 0.01890347 0.02586791 0.03681202
 0.04875106 0.05472058 0.06367485 0.0815834  0.09551228 0.09849704
 0.10247671 0.10645639 0.12635478 0.13928874 0.12038527 0.12933954
 0.11839543 0.12834462 0.12038527 0.11242591 0.08456816 0.09451736
 0.07362405 0.06267993 0.05770533 0.04775614 0.03979678 0.02188823
 0.02487299 0.01392887 0.01094412 0.0049746  0.0099492  0.0049746
 0.00397968 0.00198984 0.00099492 0.         0.00198984]",3.0975315333816478,-0.19887789167634512,0.701424,4.416061516830972,29.787412213517477,28.425035648509883,28.03998720267743
f410m,diam4,0.4,"[-9.78723404 -9.36170213 -8.93617021 -8.5106383  -8.08510638 -7.65957447
 -7.23404255 -6.80851064 -6.38297872 -5.95744681 -5.53191489 -5.10638298
 -4.68085106 -4.25531915 -3.82978723 -3.40425532 -2.9787234  -2.55319149
 -2.12765957 -1.70212766 -1.27659574 -0.85106383 -0.42553191  0.
  0.42553191  0.85106383  1.27659574  1.70212766  2.12765957  2.55319149
  2.9787234   3.40425532  3.82978723  4.25531915  4.68085106  5.10638298
  5.53191489  5.95744681  6.38297872  6.80851064  7.23404255  7.65957447
  8.08510638  8.5106383   8.93617021  9.36170213  9.78723404]","[0.         0.         0.         0.         0.         0.
 0.         0.         0.         0.         0.00482546 0.00772074
 0.00772074 0.0125462  0.02798768 0.04053388 0.07045175 0.08492813
 0.1273922  0.14283368 0.2161807  0.21425051 0.21135524 0.22776181
 0.22100616 0.19977413 0.16599589 0.13221766 0.08782341 0.0501848
 0.02702259 0.02895277 0.01737166 0.0125462  0.00579055 0.00096509
 0.00096509 0.00096509 0.00193018 0.         0.         0.
 0.         0.         0.         0.         0.        ]",1.7375405330523974,-0.22193941101739997,0.709728,2.448178080972425,30.427892486770908,29.052737627838145,28.680467475930858
f356w,diam4,0.4,"[-9.78723404 -9.36170213 -8.93617021 -8.5106383  -8.08510638 -7.65957447
 -7.23404255 -6.80851064 -6.38297872 -5.95744681 -5.53191489 -5.10638298
 -4.68085106 -4.25531915 -3.82978723 -3.40425532 -2.9787234  -2.55319149
 -2.12765957 -1.70212766 -1.27659574 -0.85106383 -0.42553191  0.
  0.42553191  0.85106383  1.27659574  1.70212766  2.12765957  2.55319149
  2.9787234   3.40425532  3.82978723  4.25531915  4.68085106  5.10638298
  5.53191489  5.95744681  6.38297872  6.80851064  7.23404255  7.65957447
  8.08510638  8.5106383   8.93617021  9.36170213  9.78723404]","[0.         0.         0.         0.         0.         0.
 0.         0.         0.         0.         0.         0.
 0.         0.00096154 0.00096154 0.00480769 0.01346154 0.04326923
 0.06923077 0.12403846 0.24230769 0.32211538 0.35769231 0.34423077
 0.30961538 0.19903846 0.12884615 0.08846154 0.04711538 0.02884615
 0.01730769 0.00192308 0.00288462 0.00096154 0.00096154 0.00096154
 0.         0.         0.         0.         0.         0.
 0.         0.         0.         0.         0.        ]",1.15132142200227,-0.1683875922609452,0.754651,1.525634262728427,30.941373916143323,29.499583525622498,29.193948905303277
f335m,diam4,0.4,"[-9.78723404 -9.36170213 -8.93617021 -8.5106383  -8.08510638 -7.65957447
 -7.23404255 -6.80851064 -6.38297872 -5.95744681 -5.53191489 -5.10638298
 -4.68085106 -4.25531915 -3.82978723 -3.40425532 -2.9787234  -2.55319149
 -2.12765957 -1.70212766 -1.27659574 -0.85106383 -0.42553191  0.
  0.42553191  0.85106383  1.27659574  1.70212766  2.12765957  2.55319149
  2.9787234   3.40425532  3.82978723  4.25531915  4.68085106  5.10638298
  5.53191489  5.95744681  6.38297872  6.80851064  7.23404255  7.65957447
  8.08510638  8.5106383   8.93617021  9.36170213  9.78723404]","[0.         0.         0.         0.         0.         0.
 0.         0.         0.00096509 0.00386037 0.00193018 0.00482546
 0.00965092 0.01930185 0.03667351 0.0376386  0.05308008 0.0762423
 0.1264271  0.14379877 0.18819302 0.23451745 0.25960986 0.22679671
 0.20073922 0.19205339 0.14090349 0.11677618 0.08396304 0.06659138
 0.0376386  0.03474333 0.01544148 0.01351129 0.00965092 0.00772074
 0.00096509 0.00193018 0.00193018 0.00096509 0.00096509 0.
 0.         0.         0.         0.         0.        ]",1.8125084122340065,-0.17680145312271286,0.772683,2.3457335184467714,30.47430331606012,29.006874911909843,28.726878305220072
f277w,diam4,0.4,"[-9.78723404 -9.36170213 -8.93617021 -8.5106383  -8.08510638 -7.65957447
 -7.23404255 -6.80851064 -6.38297872 -5.95744681 -5.53191489 -5.10638298
 -4.68085106 -4.25531915 -3.82978723 -3.40425532 -2.9787234  -2.55319149
 -2.12765957 -1.70212766 -1.27659574 -0.85106383 -0.42553191  0.
  0.42553191  0.85106383  1.27659574  1.70212766  2.12765957  2.55319149
  2.9787234   3.40425532  3.82978723  4.25531915  4.68085106  5.10638298
  5.53191489  5.95744681  6.38297872  6.80851064  7.23404255  7.65957447
  8.08510638  8.5106383   8.93617021  9.36170213  9.78723404]","[0.         0.         0.         0.         0.         0.
 0.         0.         0.         0.         0.         0.00096311
 0.00096311 0.00288934 0.00481557 0.0067418  0.01252049 0.03563525
 0.06838115 0.13579918 0.20706967 0.29856557 0.36405738 0.36020492
 0.31012295 0.22344262 0.12616803 0.07512295 0.04526639 0.03563525
 0.01444672 0.00770492 0.00577869 0.00385246 0.00192623 0.00096311
 0.         0.         0.         0.00096311 0.         0.
 0.         0.         0.         0.         0.        ]",1.2055127607453962,-0.13810340229519263,0.823321,1.4642074728391432,30.985993452447552,29.44964545944392,29.238568441607505
f210m,diam4,0.4,"[-9.78723404 -9.36170213 -8.93617021 -8.5106383  -8.08510638 -7.65957447
 -7.23404255 -6.80851064 -6.38297872 -5.95744681 -5.53191489 -5.10638298
 -4.68085106 -4.25531915 -3.82978723 -3.40425532 -2.9787234  -2.55319149
 -2.12765957 -1.70212766 -1.27659574 -0.85106383 -0.42553191  0.
  0.42553191  0.85106383  1.27659574  1.70212766  2.12765957  2.55319149
  2.9787234   3.40425532  3.82978723  4.25531915  4.68085106  5.10638298
  5.53191489  5.95744681  6.38297872  6.80851064  7.23404255  7.65957447
  8.08510638  8.5106383   8.93617021  9.36170213  9.78723404]","[0.00096947 0.00096947 0.00096947 0.         0.         0.
 0.00096947 0.00193894 0.00387789 0.00387789 0.00872525 0.00484736
 0.01648102 0.02229785 0.03683993 0.05138201 0.07755776 0.08725248
 0.11536716 0.13863449 0.16190182 0.1657797  0.19389439 0.18710809
 0.19389439 0.16965759 0.15026815 0.12893977 0.09888614 0.09209983
 0.06592409 0.04265677 0.03005363 0.02035891 0.01841997 0.01551155
 0.00775578 0.00872525 0.00484736 0.00193894 0.00387789 0.00484736
 0.00193894 0.00387789 0.         0.00290842 0.00096947]",2.5267390208357203,0.05209625039859688,0.83353,3.0313714213474263,30.19590212018359,28.646174020949104,28.448477109343536
f200w,diam4,0.4,"[-9.78723404 -9.36170213 -8.93617021 -8.5106383  -8.08510638 -7.65957447
 -7.23404255 -6.80851064 -6.38297872 -5.95744681 -5.53191489 -5.10638298
 -4.68085106 -4.25531915 -3.82978723 -3.40425532 -2.9787234  -2.55319149
 -2.12765957 -1.70212766 -1.27659574 -0.85106383 -0.42553191  0.
  0.42553191  0.85106383  1.27659574  1.70212766  2.12765957  2.55319149
  2.9787234   3.40425532  3.82978723  4.25531915  4.68085106  5.10638298
  5.53191489  5.95744681  6.38297872  6.80851064  7.23404255  7.65957447
  8.08510638  8.5106383   8.93617021  9.36170213  9.78723404]","[0.         0.00097188 0.         0.00097188 0.         0.00097188
 0.00097188 0.00485939 0.00291563 0.00485939 0.00291563 0.0087469
 0.0087469  0.02040943 0.02915633 0.02915633 0.06025641 0.08455335
 0.10690653 0.1516129  0.15452854 0.19534739 0.2254756  0.2167287
 0.21478495 0.18271299 0.17007858 0.11468156 0.09913151 0.07775021
 0.04665012 0.03207196 0.03693135 0.02915633 0.0087469  0.00291563
 0.00485939 0.00291563 0.00194376 0.00194376 0.00194376 0.00291563
 0.00291563 0.00097188 0.00194376 0.         0.00097188]",2.1441407025854002,0.005432822416061165,0.832219,2.5764140239352864,30.372460863895565,28.824441786198342,28.62503585305552
f182m,diam4,0.4,"[-9.78723404 -9.36170213 -8.93617021 -8.5106383  -8.08510638 -7.65957447
 -7.23404255 -6.80851064 -6.38297872 -5.95744681 -5.53191489 -5.10638298
 -4.68085106 -4.25531915 -3.82978723 -3.40425532 -2.9787234  -2.55319149
 -2.12765957 -1.70212766 -1.27659574 -0.85106383 -0.42553191  0.
  0.42553191  0.85106383  1.27659574  1.70212766  2.12765957  2.55319149
  2.9787234   3.40425532  3.82978723  4.25531915  4.68085106  5.10638298
  5.53191489  5.95744681  6.38297872  6.80851064  7.23404255  7.65957447
  8.08510638  8.5106383   8.93617021  9.36170213  9.78723404]","[0.00096708 0.00096708 0.         0.00096708 0.         0.00193416
 0.         0.00193416 0.00386831 0.00386831 0.00290123 0.00290123
 0.00676955 0.01160494 0.02611111 0.03771605 0.05512346 0.0754321
 0.11024691 0.15376543 0.14796296 0.21179012 0.19921811 0.25917695
 0.23886831 0.20115226 0.15666667 0.13055556 0.08026749 0.07156379
 0.0531893  0.04351852 0.01740741 0.0087037  0.01063786 0.00386831
 0.00290123 0.00386831 0.00193416 0.00193416 0.00290123 0.00193416
 0.         0.00193416 0.00096708 0.         0.        ]",2.102264690541584,-0.026465163999172685,0.831017,2.529749319859382,30.3923062804554,28.8458564991723,28.644881269615354
f150w,diam4,0.4,"[-9.78723404 -9.36170213 -8.93617021 -8.5106383  -8.08510638 -7.65957447
 -7.23404255 -6.80851064 -6.38297872 -5.95744681 -5.53191489 -5.10638298
 -4.68085106 -4.25531915 -3.82978723 -3.40425532 -2.9787234  -2.55319149
 -2.12765957 -1.70212766 -1.27659574 -0.85106383 -0.42553191  0.
  0.42553191  0.85106383  1.27659574  1.70212766  2.12765957  2.55319149
  2.9787234   3.40425532  3.82978723  4.25531915  4.68085106  5.10638298
  5.53191489  5.95744681  6.38297872  6.80851064  7.23404255  7.65957447
  8.08510638  8.5106383   8.93617021  9.36170213  9.78723404]","[0.         0.0009747  0.         0.         0.0009747  0.0009747
 0.0029241  0.0019494  0.0048735  0.0009747  0.0048735  0.01169639
 0.01851929 0.01559519 0.03508917 0.04386147 0.06433015 0.06433015
 0.10039403 0.15107839 0.16374948 0.16472418 0.22223144 0.21150975
 0.21833264 0.18519287 0.17544587 0.1384073  0.08382414 0.07992534
 0.05360846 0.04288677 0.02241808 0.01364579 0.01169639 0.00877229
 0.0068229  0.0058482  0.0009747  0.0048735  0.0029241  0.0048735
 0.         0.         0.0009747  0.0019494  0.0009747 ]",2.1999019989481376,-0.012847228056924636,0.843656,2.607581761936308,30.359405162957252,28.79656665331357,28.611980152117205
f115w,diam4,0.4,"[-9.78723404 -9.36170213 -8.93617021 -8.5106383  -8.08510638 -7.65957447
 -7.23404255 -6.80851064 -6.38297872 -5.95744681 -5.53191489 -5.10638298
 -4.68085106 -4.25531915 -3.82978723 -3.40425532 -2.9787234  -2.55319149
 -2.12765957 -1.70212766 -1.27659574 -0.85106383 -0.42553191  0.
  0.42553191  0.85106383  1.27659574  1.70212766  2.12765957  2.55319149
  2.9787234   3.40425532  3.82978723  4.25531915  4.68085106  5.10638298
  5.53191489  5.95744681  6.38297872  6.80851064  7.23404255  7.65957447
  8.08510638  8.5106383   8.93617021  9.36170213  9.78723404]","[0.         0.         0.         0.         0.00097308 0.00291925
 0.00097308 0.00194617 0.00486542 0.00194617 0.00778468 0.00681159
 0.01070393 0.02140787 0.02724638 0.0447619  0.06033126 0.07298137
 0.09536232 0.13331263 0.16542443 0.16834369 0.20726708 0.23451346
 0.22672878 0.17612836 0.15666667 0.14109731 0.103147   0.07590062
 0.06325052 0.0447619  0.02238095 0.02043478 0.00778468 0.0126501
 0.01167702 0.00194617 0.00486542 0.00291925 0.         0.00291925
 0.00291925 0.00097308 0.         0.00097308 0.        ]",2.161922944747338,0.03615151180511323,0.843824,2.562054343971418,30.378529156583124,28.815474462234434,28.631104145743077
f090w,diam4,0.4,"[-9.78723404 -9.36170213 -8.93617021 -8.5106383  -8.08510638 -7.65957447
 -7.23404255 -6.80851064 -6.38297872 -5.95744681 -5.53191489 -5.10638298
 -4.68085106 -4.25531915 -3.82978723 -3.40425532 -2.9787234  -2.55319149
 -2.12765957 -1.70212766 -1.27659574 -0.85106383 -0.42553191  0.
  0.42553191  0.85106383  1.27659574  1.70212766  2.12765957  2.55319149
  2.9787234   3.40425532  3.82978723  4.25531915  4.68085106  5.10638298
  5.53191489  5.95744681  6.38297872  6.80851064  7.23404255  7.65957447
  8.08510638  8.5106383   8.93617021  9.36170213  9.78723404]","[0.         0.         0.         0.00097551 0.00097551 0.00097551
 0.00195102 0.00390203 0.00292653 0.00487754 0.00780407 0.00780407
 0.01951017 0.02438771 0.03024076 0.04779992 0.06145704 0.07218763
 0.08682026 0.13852221 0.13852221 0.2058323  0.16583645 0.21070984
 0.17559153 0.1609589  0.16778746 0.13364467 0.11218348 0.09072229
 0.06340805 0.05365297 0.04097136 0.03706932 0.02146119 0.01463263
 0.01073059 0.00585305 0.00877958 0.00390203 0.00292653 0.00390203
 0.00097551 0.00195102 0.         0.00195102 0.00292653]",2.6235503592853244,0.19338455609656252,0.835527,3.139994709070233,30.157677709294298,28.60535147681984,28.41025269845425
nc,diam4,0.4,"[-9.78723404 -9.36170213 -8.93617021 -8.5106383  -8.08510638 -7.65957447
 -7.23404255 -6.80851064 -6.38297872 -5.95744681 -5.53191489 -5.10638298
 -4.68085106 -4.25531915 -3.82978723 -3.40425532 -2.9787234  -2.55319149
 -2.12765957 -1.70212766 -1.27659574 -0.85106383 -0.42553191  0.
  0.42553191  0.85106383  1.27659574  1.70212766  2.12765957  2.55319149
  2.9787234   3.40425532  3.82978723  4.25531915  4.68085106  5.10638298
  5.53191489  5.95744681  6.38297872  6.80851064  7.23404255  7.65957447
  8.08510638  8.5106383   8.93617021  9.36170213  9.78723404]","[0.         0.         0.         0.         0.         0.
 0.         0.         0.         0.         0.         0.
 0.         0.0019215  0.00096075 0.0019215  0.0019215  0.01633279
 0.03746934 0.0864677  0.18734669 0.31896975 0.47172935 0.45827882
 0.30551922 0.20944399 0.11529027 0.05956664 0.0422731  0.01633279
 0.01248978 0.0019215  0.00096075 0.00096075 0.00096075 0.00096075
 0.         0.         0.         0.         0.         0.
 0.         0.         0.         0.         0.        ]",0.976633730986643,-0.10668435832248346,0.7602289999999999,1.2846572953500104,31.128031781198978,29.678245689473005,29.38060677035893
f160w,diam4,0.4,"[-9.78723404 -9.36170213 -8.93617021 -8.5106383  -8.08510638 -7.65957447
 -7.23404255 -6.80851064 -6.38297872 -5.95744681 -5.53191489 -5.10638298
 -4.68085106 -4.25531915 -3.82978723 -3.40425532 -2.9787234  -2.55319149
 -2.12765957 -1.70212766 -1.27659574 -0.85106383 -0.42553191  0.
  0.42553191  0.85106383  1.27659574  1.70212766  2.12765957  2.55319149
  2.9787234   3.40425532  3.82978723  4.25531915  4.68085106  5.10638298
  5.53191489  5.95744681  6.38297872  6.80851064  7.23404255  7.65957447
  8.08510638  8.5106383   8.93617021  9.36170213  9.78723404]","[0.         0.         0.0009643  0.         0.         0.0019286
 0.         0.         0.         0.0019286  0.0019286  0.0019286
 0.0009643  0.0019286  0.0009643  0.0038572  0.0038572  0.01639311
 0.03375051 0.09160854 0.20443168 0.30375462 0.41079196 0.43586377
 0.30086172 0.21503898 0.13885925 0.06364382 0.03760771 0.02700041
 0.02025031 0.0106073  0.0028929  0.0048215  0.0028929  0.0019286
 0.0009643  0.0009643  0.         0.0019286  0.0009643  0.
 0.0009643  0.         0.         0.         0.0009643 ]",1.2173254092583397,-0.0513145455950406,0.833,1.4613750411264583,30.988095785643857,29.439058271286843,29.24067077480381
f140w,diam4,0.4,"[-9.78723404 -9.36170213 -8.93617021 -8.5106383  -8.08510638 -7.65957447
 -7.23404255 -6.80851064 -6.38297872 -5.95744681 -5.53191489 -5.10638298
 -4.68085106 -4.25531915 -3.82978723 -3.40425532 -2.9787234  -2.55319149
 -2.12765957 -1.70212766 -1.27659574 -0.85106383 -0.42553191  0.
  0.42553191  0.85106383  1.27659574  1.70212766  2.12765957  2.55319149
  2.9787234   3.40425532  3.82978723  4.25531915  4.68085106  5.10638298
  5.53191489  5.95744681  6.38297872  6.80851064  7.23404255  7.65957447
  8.08510638  8.5106383   8.93617021  9.36170213  9.78723404]","[0.         0.         0.0009747  0.         0.         0.0009747
 0.         0.         0.0019494  0.0029241  0.0019494  0.0009747
 0.         0.         0.0019494  0.         0.00779759 0.0068229
 0.05458316 0.10234343 0.19299046 0.30995438 0.40255081 0.38013273
 0.32262547 0.21930734 0.1442555  0.08869764 0.03313978 0.02631688
 0.01559519 0.0048735  0.0068229  0.0038988  0.         0.0019494
 0.0048735  0.0009747  0.0009747  0.0019494  0.0009747  0.
 0.0009747  0.0009747  0.0009747  0.         0.0009747 ]",1.8907635317763718,-0.048080581669511194,0.837,2.2589767404735626,30.515220601911114,28.96098194608792,28.767795591071067
f125w,diam4,0.4,"[-9.78723404 -9.36170213 -8.93617021 -8.5106383  -8.08510638 -7.65957447
 -7.23404255 -6.80851064 -6.38297872 -5.95744681 -5.53191489 -5.10638298
 -4.68085106 -4.25531915 -3.82978723 -3.40425532 -2.9787234  -2.55319149
 -2.12765957 -1.70212766 -1.27659574 -0.85106383 -0.42553191  0.
  0.42553191  0.85106383  1.27659574  1.70212766  2.12765957  2.55319149
  2.9787234   3.40425532  3.82978723  4.25531915  4.68085106  5.10638298
  5.53191489  5.95744681  6.38297872  6.80851064  7.23404255  7.65957447
  8.08510638  8.5106383   8.93617021  9.36170213  9.78723404]","[0.         0.         0.         0.         0.         0.
 0.00096311 0.         0.         0.00096311 0.         0.
 0.00096311 0.00192623 0.         0.00770492 0.01252049 0.0260041
 0.0394877  0.10883197 0.19840164 0.31590164 0.38428279 0.37754098
 0.31204918 0.24944672 0.1367623  0.0847541  0.04719262 0.01829918
 0.00770492 0.00866803 0.00288934 0.00481557 0.00096311 0.
 0.         0.         0.         0.00096311 0.         0.
 0.         0.         0.         0.         0.        ]",1.1219912726987888,-0.0905612161241872,0.841,1.33411566313768,31.087016292456227,29.527601292121403,29.33959128161618
f105w,diam4,0.4,"[-9.78723404 -9.36170213 -8.93617021 -8.5106383  -8.08510638 -7.65957447
 -7.23404255 -6.80851064 -6.38297872 -5.95744681 -5.53191489 -5.10638298
 -4.68085106 -4.25531915 -3.82978723 -3.40425532 -2.9787234  -2.55319149
 -2.12765957 -1.70212766 -1.27659574 -0.85106383 -0.42553191  0.
  0.42553191  0.85106383  1.27659574  1.70212766  2.12765957  2.55319149
  2.9787234   3.40425532  3.82978723  4.25531915  4.68085106  5.10638298
  5.53191489  5.95744681  6.38297872  6.80851064  7.23404255  7.65957447
  8.08510638  8.5106383   8.93617021  9.36170213  9.78723404]","[0.         0.         0.         0.0009639  0.         0.
 0.         0.0009639  0.         0.         0.         0.0009639
 0.00192781 0.0009639  0.         0.0009639  0.00385562 0.00578343
 0.01156686 0.03759229 0.13301887 0.30748564 0.50508614 0.53978671
 0.37110336 0.21687859 0.09735439 0.05590648 0.02313372 0.01445857
 0.00674733 0.00578343 0.00385562 0.0009639  0.         0.
 0.         0.         0.         0.0009639  0.         0.00192781
 0.         0.         0.         0.         0.        ]",0.9298364489834196,-0.03193489535248941,0.852,1.0913573344875818,31.305082571312543,29.73155857355575,29.557657560472496
f850lp,diam4,0.4,"[-9.78723404 -9.36170213 -8.93617021 -8.5106383  -8.08510638 -7.65957447
 -7.23404255 -6.80851064 -6.38297872 -5.95744681 -5.53191489 -5.10638298
 -4.68085106 -4.25531915 -3.82978723 -3.40425532 -2.9787234  -2.55319149
 -2.12765957 -1.70212766 -1.27659574 -0.85106383 -0.42553191  0.
  0.42553191  0.85106383  1.27659574  1.70212766  2.12765957  2.55319149
  2.9787234   3.40425532  3.82978723  4.25531915  4.68085106  5.10638298
  5.53191489  5.95744681  6.38297872  6.80851064  7.23404255  7.65957447
  8.08510638  8.5106383   8.93617021  9.36170213  9.78723404]","[0.0067863  0.00387789 0.0067863  0.00872525 0.01066419 0.0174505
 0.01551155 0.0242368  0.02811469 0.03199257 0.05235149 0.04750413
 0.05138201 0.05719884 0.06301568 0.086283   0.11342822 0.10664191
 0.11439769 0.10858086 0.11633663 0.09694719 0.12312294 0.1105198
 0.1347566  0.11633663 0.11827558 0.08725248 0.07852723 0.07464934
 0.06301568 0.05719884 0.05622937 0.03393152 0.03199257 0.0174505
 0.0242368  0.01260314 0.01066419 0.0067863  0.0067863  0.0067863
 0.00096947 0.00387789 0.00290842 0.00193894 0.00096947]",3.429494026324629,-0.7281123726925952,0.664,5.164900642055164,29.617345071625284,28.314499862365192,27.869920060785237
f814w,diam4,0.4,"[-9.78723404 -9.36170213 -8.93617021 -8.5106383  -8.08510638 -7.65957447
 -7.23404255 -6.80851064 -6.38297872 -5.95744681 -5.53191489 -5.10638298
 -4.68085106 -4.25531915 -3.82978723 -3.40425532 -2.9787234  -2.55319149
 -2.12765957 -1.70212766 -1.27659574 -0.85106383 -0.42553191  0.
  0.42553191  0.85106383  1.27659574  1.70212766  2.12765957  2.55319149
  2.9787234   3.40425532  3.82978723  4.25531915  4.68085106  5.10638298
  5.53191489  5.95744681  6.38297872  6.80851064  7.23404255  7.65957447
  8.08510638  8.5106383   8.93617021  9.36170213  9.78723404]","[0.         0.         0.         0.         0.         0.
 0.         0.         0.         0.00096115 0.00192229 0.00384458
 0.00672802 0.01249489 0.02498978 0.03171779 0.04805726 0.10092025
 0.1105317  0.13552147 0.19126789 0.22106339 0.24509202 0.24413088
 0.19222904 0.17492843 0.16627812 0.12879346 0.10284254 0.07400818
 0.05478528 0.02883436 0.01633947 0.01153374 0.00480573 0.00384458
 0.00288344 0.00288344 0.00384458 0.00096115 0.         0.
 0.00096115 0.         0.         0.         0.        ]",1.7763093164315793,-0.07133546362276956,0.782,2.271495289554449,30.509220398634092,29.028778505144427,28.761795387794045
f775w,diam4,0.4,"[-9.78723404 -9.36170213 -8.93617021 -8.5106383  -8.08510638 -7.65957447
 -7.23404255 -6.80851064 -6.38297872 -5.95744681 -5.53191489 -5.10638298
 -4.68085106 -4.25531915 -3.82978723 -3.40425532 -2.9787234  -2.55319149
 -2.12765957 -1.70212766 -1.27659574 -0.85106383 -0.42553191  0.
  0.42553191  0.85106383  1.27659574  1.70212766  2.12765957  2.55319149
  2.9787234   3.40425532  3.82978723  4.25531915  4.68085106  5.10638298
  5.53191489  5.95744681  6.38297872  6.80851064  7.23404255  7.65957447
  8.08510638  8.5106383   8.93617021  9.36170213  9.78723404]","[0.         0.         0.         0.         0.         0.
 0.         0.         0.         0.         0.         0.
 0.         0.         0.         0.         0.00192308 0.00673077
 0.02596154 0.07115385 0.21346154 0.3125     0.39038462 0.47307692
 0.36826923 0.24519231 0.12788462 0.0625     0.01826923 0.02211538
 0.00384615 0.00192308 0.00192308 0.00096154 0.         0.00096154
 0.         0.         0.         0.00096154 0.         0.
 0.         0.         0.         0.         0.        ]",0.9269632760838064,-0.0513605346091674,0.807,1.148653378046848,31.249527514685788,29.734918667040567,29.50210250384574
f606w,diam4,0.4,"[-9.78723404 -9.36170213 -8.93617021 -8.5106383  -8.08510638 -7.65957447
 -7.23404255 -6.80851064 -6.38297872 -5.95744681 -5.53191489 -5.10638298
 -4.68085106 -4.25531915 -3.82978723 -3.40425532 -2.9787234  -2.55319149
 -2.12765957 -1.70212766 -1.27659574 -0.85106383 -0.42553191  0.
  0.42553191  0.85106383  1.27659574  1.70212766  2.12765957  2.55319149
  2.9787234   3.40425532  3.82978723  4.25531915  4.68085106  5.10638298
  5.53191489  5.95744681  6.38297872  6.80851064  7.23404255  7.65957447
  8.08510638  8.5106383   8.93617021  9.36170213  9.78723404]","[0.         0.         0.         0.         0.         0.
 0.         0.         0.         0.         0.         0.
 0.         0.         0.00096075 0.0019215  0.00768602 0.02305805
 0.05188062 0.108565   0.19983647 0.25459935 0.34491006 0.3843009
 0.33530253 0.26324612 0.16044563 0.09895748 0.06148814 0.03170482
 0.00864677 0.00672527 0.00288226 0.00096075 0.         0.00096075
 0.         0.         0.00096075 0.         0.         0.
 0.         0.         0.         0.         0.        ]",1.1113622984746505,0.011138039913515477,0.851,1.3059486468562287,31.11018475065668,29.53793583960516,29.36275973981663
f435w,diam4,0.4,"[-9.78723404 -9.36170213 -8.93617021 -8.5106383  -8.08510638 -7.65957447
 -7.23404255 -6.80851064 -6.38297872 -5.95744681 -5.53191489 -5.10638298
 -4.68085106 -4.25531915 -3.82978723 -3.40425532 -2.9787234  -2.55319149
 -2.12765957 -1.70212766 -1.27659574 -0.85106383 -0.42553191  0.
  0.42553191  0.85106383  1.27659574  1.70212766  2.12765957  2.55319149
  2.9787234   3.40425532  3.82978723  4.25531915  4.68085106  5.10638298
  5.53191489  5.95744681  6.38297872  6.80851064  7.23404255  7.65957447
  8.08510638  8.5106383   8.93617021  9.36170213  9.78723404]","[0.         0.         0.         0.         0.         0.
 0.         0.         0.         0.         0.00095918 0.00479592
 0.00287755 0.01246939 0.01630612 0.02493878 0.05755102 0.07289796
 0.12277551 0.13332653 0.16306122 0.22253061 0.24171429 0.235
 0.21581633 0.20142857 0.1822449  0.12853061 0.11126531 0.07097959
 0.0527551  0.03357143 0.01534694 0.0057551  0.00767347 0.0057551
 0.0057551  0.00095918 0.00095918 0.         0.         0.
 0.         0.         0.         0.         0.        ]",1.7131838950433425,0.0019413713659058866,0.854,2.006070134711174,30.644134718935057,29.068065031372498,28.89670970809501
